{"seed": 0, "test_acc": [80.3883495145631], "val_acc": [85.80645161290322], "train_loss": [82.46753246753246], "mean_test_acc": 80.3883495145631, "std_test_acc": 0.0}