{"seed": 0, "test_acc": [59.34065934065934], "val_acc": [61.20218579234973], "train_loss": [57.14285714285714], "mean_test_acc": 59.34065934065934, "std_test_acc": 0.0}