{"seed": 0, "test_acc": [14.000000000000002], "val_acc": [12.749003984063744], "train_loss": [17.599999999999998], "mean_test_acc": 14.000000000000002, "std_test_acc": 0.0}