{"seed": 0, "test_acc": [50.0], "val_acc": [39.8406374501992], "train_loss": [50.204081632653065], "mean_test_acc": 50.0, "std_test_acc": 0.0}