{"seed": 0, "test_acc": [75.82417582417582], "val_acc": [74.86338797814209], "train_loss": [76.92307692307693], "mean_test_acc": 75.82417582417582, "std_test_acc": 0.0}