{"seed": 0, "test_acc": [42.30769230769231], "val_acc": [39.34426229508197], "train_loss": [45.604395604395606], "mean_test_acc": 42.30769230769231, "std_test_acc": 0.0}