{"seed": 0, "test_acc": [10.163934426229508], "val_acc": [10.601092896174864], "train_loss": [10.219780219780219], "mean_test_acc": 10.163934426229508, "std_test_acc": 0.0}