{"seed": 0, "test_acc": [57.692307692307686], "val_acc": [55.73770491803278], "train_loss": [58.791208791208796], "mean_test_acc": 57.692307692307686, "std_test_acc": 0.0}