{"seed": 0, "test_acc": [58.791208791208796], "val_acc": [61.74863387978142], "train_loss": [58.791208791208796], "mean_test_acc": 58.791208791208796, "std_test_acc": 0.0}