{"seed": 0, "test_acc": [80.21978021978022], "val_acc": [76.50273224043715], "train_loss": [81.86813186813187], "mean_test_acc": 80.21978021978022, "std_test_acc": 0.0}