{"seed": 0, "test_acc": [61.53846153846154], "val_acc": [63.387978142076506], "train_loss": [63.18681318681318], "mean_test_acc": 61.53846153846154, "std_test_acc": 0.0}