{"seed": 0, "test_acc": [74.72527472527473], "val_acc": [73.224043715847], "train_loss": [78.02197802197803], "mean_test_acc": 74.72527472527473, "std_test_acc": 0.0}