{"seed": 0, "test_acc": [63.18681318681318], "val_acc": [74.86338797814209], "train_loss": [67.58241758241759], "mean_test_acc": 63.18681318681318, "std_test_acc": 0.0}