{"seed": 0, "test_acc": [58.24175824175825], "val_acc": [64.48087431693989], "train_loss": [58.791208791208796], "mean_test_acc": 58.24175824175825, "std_test_acc": 0.0}