{"seed": 0, "test_acc": [55.494505494505496], "val_acc": [61.20218579234973], "train_loss": [57.692307692307686], "mean_test_acc": 55.494505494505496, "std_test_acc": 0.0}