{"seed": 0, "test_acc": [51.64835164835166], "val_acc": [54.644808743169406], "train_loss": [45.604395604395606], "mean_test_acc": 51.64835164835166, "std_test_acc": 0.0}