{"seed": 0, "test_acc": [58.791208791208796], "val_acc": [62.841530054644814], "train_loss": [58.791208791208796], "mean_test_acc": 58.791208791208796, "std_test_acc": 0.0}