{"seed": 0, "test_acc": [63.18681318681318], "val_acc": [61.20218579234973], "train_loss": [64.83516483516483], "mean_test_acc": 63.18681318681318, "std_test_acc": 0.0}