{"seed": 0, "test_acc": [59.89010989010989], "val_acc": [59.56284153005464], "train_loss": [60.43956043956044], "mean_test_acc": 59.89010989010989, "std_test_acc": 0.0}