{"seed": 0, "test_acc": [61.53846153846154], "val_acc": [65.57377049180327], "train_loss": [62.08791208791209], "mean_test_acc": 61.53846153846154, "std_test_acc": 0.0}