{"seed": 0, "test_acc": [75.27472527472527], "val_acc": [73.77049180327869], "train_loss": [78.02197802197803], "mean_test_acc": 75.27472527472527, "std_test_acc": 0.0}