{"seed": 0, "test_acc": [48.9010989010989], "val_acc": [57.377049180327866], "train_loss": [52.74725274725275], "mean_test_acc": 48.9010989010989, "std_test_acc": 0.0}