{"seed": 0, "test_acc": [50.0], "val_acc": [49.180325865745544], "train_loss": [50.54945349693298], "mean_test_acc": 50.0, "std_test_acc": 0.0}