{"seed": 0, "test_acc": [51.36612021857923], "val_acc": [53.00546448087432], "train_loss": [51.098901098901095], "mean_test_acc": 51.36612021857923, "std_test_acc": 0.0}