{"seed": 0, "test_acc": [56.043956043956044], "val_acc": [53.00546448087432], "train_loss": [58.24175824175825], "mean_test_acc": 56.043956043956044, "std_test_acc": 0.0}