{"seed": 0, "test_acc": [62.637362637362635], "val_acc": [66.12021857923497], "train_loss": [63.73626373626373], "mean_test_acc": 62.637362637362635, "std_test_acc": 0.0}