{"seed": 0, "test_acc": [55.19125683060109], "val_acc": [55.19125683060109], "train_loss": [55.19125683060109], "mean_test_acc": 55.19125683060109, "std_test_acc": 0.0}