{"seed": 0, "test_acc": [87.91208791208791], "val_acc": [86.88524590163934], "train_loss": [89.56043956043956], "mean_test_acc": 87.91208791208791, "std_test_acc": 0.0}