{"seed": 0, "test_acc": [60.98901098901099], "val_acc": [61.74863387978142], "train_loss": [61.53846153846154], "mean_test_acc": 60.98901098901099, "std_test_acc": 0.0}