{"seed": 0, "test_acc": [76.92307692307693], "val_acc": [79.78142076502732], "train_loss": [80.21978021978022], "mean_test_acc": 76.92307692307693, "std_test_acc": 0.0}