{"seed": 0, "test_acc": [60.98901098901099], "val_acc": [65.02732240437157], "train_loss": [62.08791208791209], "mean_test_acc": 60.98901098901099, "std_test_acc": 0.0}