{"seed": 0, "test_acc": [63.73626373626373], "val_acc": [63.387978142076506], "train_loss": [62.637362637362635], "mean_test_acc": 63.73626373626373, "std_test_acc": 0.0}