{"seed": 0, "test_acc": [58.791208791208796], "val_acc": [61.20218579234973], "train_loss": [55.494505494505496], "mean_test_acc": 58.791208791208796, "std_test_acc": 0.0}