{"seed": 0, "test_acc": [11.366120218579235], "val_acc": [12.131147540983607], "train_loss": [10.989010989010989], "mean_test_acc": 11.366120218579235, "std_test_acc": 0.0}