{"seed": 0, "test_acc": [63.73626373626373], "val_acc": [68.85245901639344], "train_loss": [64.83516483516483], "mean_test_acc": 63.73626373626373, "std_test_acc": 0.0}