{"seed": 0, "test_acc": [64.28571428571429], "val_acc": [65.02732240437157], "train_loss": [64.83516483516483], "mean_test_acc": 64.28571428571429, "std_test_acc": 0.0}