{"seed": 0, "test_acc": [59.89010989010989], "val_acc": [59.01639344262295], "train_loss": [59.89010989010989], "mean_test_acc": 59.89010989010989, "std_test_acc": 0.0}