{"seed": 0, "test_acc": [55.494505494505496], "val_acc": [59.56284153005464], "train_loss": [58.24175824175825], "mean_test_acc": 55.494505494505496, "std_test_acc": 0.0}