{"seed": 0, "test_acc": [62.637362637362635], "val_acc": [66.66666666666666], "train_loss": [62.637362637362635], "mean_test_acc": 62.637362637362635, "std_test_acc": 0.0}