{"seed": 0, "test_acc": [71.97802197802197], "val_acc": [68.30601092896174], "train_loss": [71.97802197802197], "mean_test_acc": 71.97802197802197, "std_test_acc": 0.0}