{"seed": 0, "test_acc": [62.08791208791209], "val_acc": [61.20218579234973], "train_loss": [62.637362637362635], "mean_test_acc": 62.08791208791209, "std_test_acc": 0.0}