{"seed": 0, "test_acc": [18.0327868852459], "val_acc": [18.0327868852459], "train_loss": [18.13186813186813], "mean_test_acc": 18.0327868852459, "std_test_acc": 0.0}