{"seed": 0, "test_acc": [56.043956043956044], "val_acc": [59.01639344262295], "train_loss": [56.043956043956044], "mean_test_acc": 56.043956043956044, "std_test_acc": 0.0}