{"seed": 0, "test_acc": [76.37362637362637], "val_acc": [74.31693989071039], "train_loss": [79.67032967032966], "mean_test_acc": 76.37362637362637, "std_test_acc": 0.0}