{"seed": 0, "test_acc": [65.38461538461539], "val_acc": [68.85245901639344], "train_loss": [67.03296703296702], "mean_test_acc": 65.38461538461539, "std_test_acc": 0.0}