{"seed": 0, "test_acc": [68.13186813186813], "val_acc": [71.58469945355192], "train_loss": [70.32967032967034], "mean_test_acc": 68.13186813186813, "std_test_acc": 0.0}