{"seed": 0, "test_acc": [18.907103825136613], "val_acc": [18.688524590163937], "train_loss": [19.12087912087912], "mean_test_acc": 18.907103825136613, "std_test_acc": 0.0}