{"seed": 0, "test_acc": [43.956043956043956], "val_acc": [33.33333333333333], "train_loss": [46.15384615384615], "mean_test_acc": 43.956043956043956, "std_test_acc": 0.0}