{"seed": 0, "test_acc": [44.6215139442231], "val_acc": [47.410358565737056], "train_loss": [41.832669322709165], "mean_test_acc": 44.6215139442231, "std_test_acc": 0.0}