{"seed": 0, "test_acc": [57.14285714285714], "val_acc": [56.830601092896174], "train_loss": [56.59340659340659], "mean_test_acc": 57.14285714285714, "std_test_acc": 0.0}