{"seed": 0, "test_acc": [61.53846153846154], "val_acc": [62.295081967213115], "train_loss": [60.43956043956044], "mean_test_acc": 61.53846153846154, "std_test_acc": 0.0}