{"seed": 0, "test_acc": [47.8021978021978], "val_acc": [54.09836065573771], "train_loss": [52.197802197802204], "mean_test_acc": 47.8021978021978, "std_test_acc": 0.0}