{"seed": 0, "test_acc": [59.34065934065934], "val_acc": [60.10928961748634], "train_loss": [60.43956043956044], "mean_test_acc": 59.34065934065934, "std_test_acc": 0.0}