{"seed": 0, "test_acc": [64.28571428571429], "val_acc": [67.21311475409836], "train_loss": [65.93406593406593], "mean_test_acc": 64.28571428571429, "std_test_acc": 0.0}