{"seed": 0, "test_acc": [53.2967032967033], "val_acc": [60.10928961748634], "train_loss": [53.84615384615385], "mean_test_acc": 53.2967032967033, "std_test_acc": 0.0}