{"seed": 0, "test_acc": [57.599999999999994], "val_acc": [49.00398406374502], "train_loss": [59.183673469387756], "mean_test_acc": 57.599999999999994, "std_test_acc": 0.0}