{"seed": 0, "test_acc": [57.692307692307686], "val_acc": [58.46994535519126], "train_loss": [59.89010989010989], "mean_test_acc": 57.692307692307686, "std_test_acc": 0.0}