{"seed": 0, "test_acc": [98.40637450199203], "val_acc": [98.40637450199203], "train_loss": [98.40637450199203], "mean_test_acc": 98.40637450199203, "std_test_acc": 0.0}