{"seed": 0, "test_acc": [45.0549453496933], "val_acc": [46.4480847120285], "train_loss": [45.60439586639404], "mean_test_acc": 45.0549453496933, "std_test_acc": 0.0}