{"seed": 0, "test_acc": [60.43956043956044], "val_acc": [64.48087431693989], "train_loss": [61.53846153846154], "mean_test_acc": 60.43956043956044, "std_test_acc": 0.0}