{"seed": 0, "test_acc": [45.05494505494506], "val_acc": [39.89071038251366], "train_loss": [46.7032967032967], "mean_test_acc": 45.05494505494506, "std_test_acc": 0.0}