{"seed": 0, "test_acc": [73.62637362637363], "val_acc": [71.03825136612022], "train_loss": [75.82417582417582], "mean_test_acc": 73.62637362637363, "std_test_acc": 0.0}