{"seed": 0, "test_acc": [19.12568306010929], "val_acc": [19.01639344262295], "train_loss": [19.01098901098901], "mean_test_acc": 19.12568306010929, "std_test_acc": 0.0}