{"seed": 0, "test_acc": [35.714285714285715], "val_acc": [30.601092896174865], "train_loss": [43.956043956043956], "mean_test_acc": 35.714285714285715, "std_test_acc": 0.0}