{"seed": 0, "test_acc": [42.0], "val_acc": [33.86454183266932], "train_loss": [40.816326530612244], "mean_test_acc": 42.0, "std_test_acc": 0.0}