{"seed": 0, "test_acc": [74.17582417582418], "val_acc": [74.86338797814209], "train_loss": [75.27472527472527], "mean_test_acc": 74.17582417582418, "std_test_acc": 0.0}