{"seed": 0, "test_acc": [54.94505494505495], "val_acc": [55.19125683060109], "train_loss": [54.94505494505495], "mean_test_acc": 54.94505494505495, "std_test_acc": 0.0}