{"seed": 0, "test_acc": [54.94505494505495], "val_acc": [61.74863387978142], "train_loss": [58.24175824175825], "mean_test_acc": 54.94505494505495, "std_test_acc": 0.0}