{"seed": 0, "test_acc": [19.23497267759563], "val_acc": [19.34426229508197], "train_loss": [19.230769230769234], "mean_test_acc": 19.23497267759563, "std_test_acc": 0.0}