{"seed": 0, "test_acc": [58.791208791208796], "val_acc": [56.284153005464475], "train_loss": [58.24175824175825], "mean_test_acc": 58.791208791208796, "std_test_acc": 0.0}