{"seed": 0, "test_acc": [76.92307692307693], "val_acc": [74.86338797814209], "train_loss": [76.37362637362637], "mean_test_acc": 76.92307692307693, "std_test_acc": 0.0}