{"seed": 0, "test_acc": [66.48351648351648], "val_acc": [68.85245901639344], "train_loss": [66.48351648351648], "mean_test_acc": 66.48351648351648, "std_test_acc": 0.0}