{"seed": 0, "test_acc": [55.494505494505496], "val_acc": [55.73770491803278], "train_loss": [57.14285714285714], "mean_test_acc": 55.494505494505496, "std_test_acc": 0.0}