{"seed": 0, "test_acc": [58.24175824175825], "val_acc": [57.92349726775956], "train_loss": [57.14285714285714], "mean_test_acc": 58.24175824175825, "std_test_acc": 0.0}