{"seed": 0, "test_acc": [63.73626373626373], "val_acc": [65.02732240437157], "train_loss": [63.73626373626373], "mean_test_acc": 63.73626373626373, "std_test_acc": 0.0}