{"seed": 0, "test_acc": [57.377049180327866], "val_acc": [60.65573770491803], "train_loss": [55.494505494505496], "mean_test_acc": 57.377049180327866, "std_test_acc": 0.0}