{"seed": 0, "test_acc": [59.89010989010989], "val_acc": [62.295081967213115], "train_loss": [55.494505494505496], "mean_test_acc": 59.89010989010989, "std_test_acc": 0.0}