{"seed": 0, "test_acc": [57.14285714285714], "val_acc": [62.295081967213115], "train_loss": [57.14285714285714], "mean_test_acc": 57.14285714285714, "std_test_acc": 0.0}