{"seed": 0, "test_acc": [59.34065934065934], "val_acc": [63.387978142076506], "train_loss": [59.34065934065934], "mean_test_acc": 59.34065934065934, "std_test_acc": 0.0}