{"seed": 0, "test_acc": [63.18681318681318], "val_acc": [61.74863387978142], "train_loss": [64.28571428571429], "mean_test_acc": 63.18681318681318, "std_test_acc": 0.0}