{"seed": 0, "test_acc": [62.08791208791209], "val_acc": [63.934426229508205], "train_loss": [63.18681318681318], "mean_test_acc": 62.08791208791209, "std_test_acc": 0.0}