{"seed": 0, "test_acc": [50.0], "val_acc": [58.46994535519126], "train_loss": [53.84615384615385], "mean_test_acc": 50.0, "std_test_acc": 0.0}