{"seed": 0, "test_acc": [63.18681318681318], "val_acc": [63.387978142076506], "train_loss": [63.18681318681318], "mean_test_acc": 63.18681318681318, "std_test_acc": 0.0}