{"seed": 0, "test_acc": [72.52747252747253], "val_acc": [71.03825136612022], "train_loss": [68.68131868131869], "mean_test_acc": 72.52747252747253, "std_test_acc": 0.0}