{"seed": 0, "test_acc": [72.52747252747253], "val_acc": [72.1311475409836], "train_loss": [70.32967032967034], "mean_test_acc": 72.52747252747253, "std_test_acc": 0.0}