{"seed": 0, "test_acc": [58.791208791208796], "val_acc": [58.46994535519126], "train_loss": [59.34065934065934], "mean_test_acc": 58.791208791208796, "std_test_acc": 0.0}