{"seed": 0, "test_acc": [72.52747252747253], "val_acc": [73.77049180327869], "train_loss": [74.17582417582418], "mean_test_acc": 72.52747252747253, "std_test_acc": 0.0}