{"seed": 0, "test_acc": [62.08791208791209], "val_acc": [59.56284153005464], "train_loss": [60.98901098901099], "mean_test_acc": 62.08791208791209, "std_test_acc": 0.0}