{"seed": 0, "test_acc": [66.48351648351648], "val_acc": [70.49180327868852], "train_loss": [70.87912087912088], "mean_test_acc": 66.48351648351648, "std_test_acc": 0.0}