{"seed": 0, "test_acc": [57.692307692307686], "val_acc": [62.841530054644814], "train_loss": [58.24175824175825], "mean_test_acc": 57.692307692307686, "std_test_acc": 0.0}