{"seed": 0, "test_acc": [50.54945054945055], "val_acc": [60.10928961748634], "train_loss": [54.395604395604394], "mean_test_acc": 50.54945054945055, "std_test_acc": 0.0}