{"seed": 0, "test_acc": [19.01639344262295], "val_acc": [18.907103825136613], "train_loss": [19.01098901098901], "mean_test_acc": 19.01639344262295, "std_test_acc": 0.0}