{"seed": 0, "test_acc": [64.83516483516483], "val_acc": [68.30601092896174], "train_loss": [66.48351648351648], "mean_test_acc": 64.83516483516483, "std_test_acc": 0.0}