{"seed": 0, "test_acc": [75.27472527472527], "val_acc": [69.94535519125684], "train_loss": [71.97802197802197], "mean_test_acc": 75.27472527472527, "std_test_acc": 0.0}