{"seed": 0, "test_acc": [55.494505494505496], "val_acc": [55.19125683060109], "train_loss": [55.494505494505496], "mean_test_acc": 55.494505494505496, "std_test_acc": 0.0}