{"seed": 0, "test_acc": [58.791208791208796], "val_acc": [60.10928961748634], "train_loss": [57.14285714285714], "mean_test_acc": 58.791208791208796, "std_test_acc": 0.0}