{"seed": 0, "test_acc": [40.0], "val_acc": [29.482071713147413], "train_loss": [41.224489795918366], "mean_test_acc": 40.0, "std_test_acc": 0.0}