{"seed": 0, "test_acc": [56.59340659340659], "val_acc": [38.25136612021858], "train_loss": [54.395604395604394], "mean_test_acc": 56.59340659340659, "std_test_acc": 0.0}