{"seed": 0, "test_acc": [18.681318681318682], "val_acc": [54.09836065573771], "train_loss": [17.77777777777778], "mean_test_acc": 18.681318681318682, "std_test_acc": 0.0}