{"seed": 0, "test_acc": [65.93406593406593], "val_acc": [62.841530054644814], "train_loss": [67.58241758241759], "mean_test_acc": 65.93406593406593, "std_test_acc": 0.0}