{"seed": 0, "test_acc": [60.98901098901099], "val_acc": [64.48087431693989], "train_loss": [66.48351648351648], "mean_test_acc": 60.98901098901099, "std_test_acc": 0.0}