{"seed": 0, "test_acc": [46.800000000000004], "val_acc": [47.01195219123506], "train_loss": [46.800000000000004], "mean_test_acc": 46.800000000000004, "std_test_acc": 0.0}