{"seed": 0, "test_acc": [54.94505494505495], "val_acc": [55.73770491803278], "train_loss": [55.494505494505496], "mean_test_acc": 54.94505494505495, "std_test_acc": 0.0}