{"seed": 0, "test_acc": [63.73626373626373], "val_acc": [62.841530054644814], "train_loss": [64.28571428571429], "mean_test_acc": 63.73626373626373, "std_test_acc": 0.0}