{"seed": 0, "test_acc": [57.692307692307686], "val_acc": [57.92349726775956], "train_loss": [56.59340659340659], "mean_test_acc": 57.692307692307686, "std_test_acc": 0.0}