{"seed": 0, "test_acc": [57.14285714285714], "val_acc": [60.10928961748634], "train_loss": [60.98901098901099], "mean_test_acc": 57.14285714285714, "std_test_acc": 0.0}