{"seed": 0, "test_acc": [57.14285714285714], "val_acc": [61.20218579234973], "train_loss": [59.34065934065934], "mean_test_acc": 57.14285714285714, "std_test_acc": 0.0}