{"seed": 0, "test_acc": [58.791208791208796], "val_acc": [63.387978142076506], "train_loss": [57.692307692307686], "mean_test_acc": 58.791208791208796, "std_test_acc": 0.0}