{"seed": 0, "test_acc": [17.923497267759565], "val_acc": [17.704918032786885], "train_loss": [17.923497267759565], "mean_test_acc": 17.923497267759565, "std_test_acc": 0.0}