{"seed": 0, "test_acc": [10.273224043715846], "val_acc": [10.601092896174864], "train_loss": [10.219780219780219], "mean_test_acc": 10.273224043715846, "std_test_acc": 0.0}