{"seed": 0, "test_acc": [74.17582417582418], "val_acc": [72.6775956284153], "train_loss": [73.07692307692307], "mean_test_acc": 74.17582417582418, "std_test_acc": 0.0}