{"seed": 0, "test_acc": [60.43956043956044], "val_acc": [62.295081967213115], "train_loss": [62.637362637362635], "mean_test_acc": 60.43956043956044, "std_test_acc": 0.0}