{"seed": 0, "test_acc": [56.59340659340659], "val_acc": [58.46994535519126], "train_loss": [57.692307692307686], "mean_test_acc": 56.59340659340659, "std_test_acc": 0.0}