{"seed": 0, "test_acc": [45.0549453496933], "val_acc": [44.80874240398407], "train_loss": [45.0549453496933], "mean_test_acc": 45.0549453496933, "std_test_acc": 0.0}