{"seed": 0, "test_acc": [59.89010989010989], "val_acc": [61.20218579234973], "train_loss": [61.53846153846154], "mean_test_acc": 59.89010989010989, "std_test_acc": 0.0}