{"seed": 0, "test_acc": [61.53846153846154], "val_acc": [61.74863387978142], "train_loss": [59.89010989010989], "mean_test_acc": 61.53846153846154, "std_test_acc": 0.0}