{"seed": 0, "test_acc": [73.07692307692307], "val_acc": [71.58469945355192], "train_loss": [72.52747252747253], "mean_test_acc": 73.07692307692307, "std_test_acc": 0.0}