{"seed": 0, "test_acc": [56.59340659340659], "val_acc": [57.377049180327866], "train_loss": [57.14285714285714], "mean_test_acc": 56.59340659340659, "std_test_acc": 0.0}