{"seed": 0, "test_acc": [47.01195219123506], "val_acc": [47.01195219123506], "train_loss": [47.01195219123506], "mean_test_acc": 47.01195219123506, "std_test_acc": 0.0}