{"seed": 0, "test_acc": [73.07692307692307], "val_acc": [72.1311475409836], "train_loss": [70.87912087912088], "mean_test_acc": 73.07692307692307, "std_test_acc": 0.0}