{"seed": 0, "test_acc": [88.46153846153845], "val_acc": [89.07103825136612], "train_loss": [90.10989010989012], "mean_test_acc": 88.46153846153845, "std_test_acc": 0.0}