{"seed": 0, "test_acc": [60.98901098901099], "val_acc": [61.20218579234973], "train_loss": [62.637362637362635], "mean_test_acc": 60.98901098901099, "std_test_acc": 0.0}