{"seed": 0, "test_acc": [75.82417582417582], "val_acc": [72.6775956284153], "train_loss": [78.57142857142857], "mean_test_acc": 75.82417582417582, "std_test_acc": 0.0}