{"seed": 0, "test_acc": [61.53846153846154], "val_acc": [61.20218579234973], "train_loss": [60.98901098901099], "mean_test_acc": 61.53846153846154, "std_test_acc": 0.0}