{"seed": 0, "test_acc": [56.043956043956044], "val_acc": [57.377049180327866], "train_loss": [57.692307692307686], "mean_test_acc": 56.043956043956044, "std_test_acc": 0.0}