{"seed": 0, "test_acc": [0.546448087431694], "val_acc": [0.546448087431694], "train_loss": [0.546448087431694], "mean_test_acc": 0.546448087431694, "std_test_acc": 0.0}