{"seed": 0, "test_acc": [60.649978041282395], "val_acc": [60.29863855950812], "train_loss": [61.879666227492315], "mean_test_acc": 60.649978041282395, "std_test_acc": 0.0}