{"seed": 0, "test_acc": [49.275362318840585], "val_acc": [47.474747474747474], "train_loss": [50.81247255160298], "mean_test_acc": 49.275362318840585, "std_test_acc": 0.0}