{"seed": 0, "test_acc": [78.78787878787878], "val_acc": [78.43653930610452], "train_loss": [79.5344751866491], "mean_test_acc": 78.78787878787878, "std_test_acc": 0.0}