{"seed": 0, "test_acc": [94.7274363929999], "val_acc": [94.7274363929999], "train_loss": [94.7274363929999], "mean_test_acc": 94.7274363929999, "std_test_acc": 0.0}