{"seed": 0, "test_acc": [90.80095561423363], "val_acc": [90.77877441529047], "train_loss": [90.67737242011101], "mean_test_acc": 90.80095561423363, "std_test_acc": 0.0}