{"seed": 0, "test_acc": [95.16559565002471], "val_acc": [95.16559565002471], "train_loss": [95.16559565002471], "mean_test_acc": 95.16559565002471, "std_test_acc": 0.0}