{"seed": 0, "test_acc": [90.80095561423363], "val_acc": [91.13961188649985], "train_loss": [91.57550609832768], "mean_test_acc": 90.80095561423363, "std_test_acc": 0.0}