{"seed": 0, "test_acc": [0.6044630904900568], "val_acc": [0.6044630904900568], "train_loss": [0.6044630904900568], "mean_test_acc": 0.6044630904900568, "std_test_acc": 0.0}