{"seed": 0, "test_acc": [64.48887737879424], "val_acc": [64.57408424772453], "train_loss": [64.6831564456681], "mean_test_acc": 64.48887737879424, "std_test_acc": 0.0}