{"seed": 0, "test_acc": [94.72952669653908], "val_acc": [94.72952669653908], "train_loss": [94.72952669653908], "mean_test_acc": 94.72952669653908, "std_test_acc": 0.0}