{"seed": 0, "test_acc": [88.32262101131903], "val_acc": [88.82530599268796], "train_loss": [88.85406971949624], "mean_test_acc": 88.32262101131903, "std_test_acc": 0.0}