{"seed": 0, "test_acc": [94.98910675381265], "val_acc": [95.3862343385182], "train_loss": [95.35526315789474], "mean_test_acc": 94.98910675381265, "std_test_acc": 0.0}