{"seed": 0, "test_acc": [64.09465250939314], "val_acc": [64.09465250939314], "train_loss": [64.09465250939314], "mean_test_acc": 64.09465250939314, "std_test_acc": 0.0}