{"seed": 0, "test_acc": [69.847134896749], "val_acc": [69.847134896749], "train_loss": [69.847134896749], "mean_test_acc": 69.847134896749, "std_test_acc": 0.0}