{"seed": 0, "test_acc": [65.00876813988361], "val_acc": [65.00876813988361], "train_loss": [65.00876813988361], "mean_test_acc": 65.00876813988361, "std_test_acc": 0.0}