{"seed": 0, "test_acc": [95.12273232484976], "val_acc": [95.12273232484976], "train_loss": [95.12273232484976], "mean_test_acc": 95.12273232484976, "std_test_acc": 0.0}