{"seed": 0, "test_acc": [94.47049726030579], "val_acc": [94.47049726030579], "train_loss": [94.47049726030579], "mean_test_acc": 94.47049726030579, "std_test_acc": 0.0}