{"seed": 0, "test_acc": [95.17872205820329], "val_acc": [95.36444171563897], "train_loss": [95.60252034654765], "mean_test_acc": 95.17872205820329, "std_test_acc": 0.0}