{"seed": 0, "test_acc": [65.01048351229429], "val_acc": [65.01048351229429], "train_loss": [65.01048351229429], "mean_test_acc": 65.01048351229429, "std_test_acc": 0.0}