{"seed": 0, "test_acc": [94.13348528622794], "val_acc": [94.13348528622794], "train_loss": [94.13348528622794], "mean_test_acc": 94.13348528622794, "std_test_acc": 0.0}