{"seed": 0, "test_acc": [90.80095561423363], "val_acc": [90.82945638962237], "train_loss": [91.12284672450647], "mean_test_acc": 90.80095561423363, "std_test_acc": 0.0}