{"seed": 0, "test_acc": [90.80095561423363], "val_acc": [90.3516492728111], "train_loss": [90.97615155706443], "mean_test_acc": 90.80095561423363, "std_test_acc": 0.0}