{"seed": 0, "test_acc": [64.47717757581947], "val_acc": [64.47717757581947], "train_loss": [64.47717757581947], "mean_test_acc": 64.47717757581947, "std_test_acc": 0.0}