{"seed": 0, "test_acc": [90.26079869600652], "val_acc": [90.33827773676086], "train_loss": [90.36353467561521], "mean_test_acc": 90.26079869600652, "std_test_acc": 0.0}