{"seed": 0, "test_acc": [22.392706663186544], "val_acc": [22.288408618028054], "train_loss": [22.572706935123044], "mean_test_acc": 22.392706663186544, "std_test_acc": 0.0}