{"seed": 0, "test_acc": [89.64475765856464], "val_acc": [89.69058326062151], "train_loss": [89.77069351230426], "mean_test_acc": 89.64475765856464, "std_test_acc": 0.0}