{"seed": 0, "test_acc": [89.44580277098615], "val_acc": [89.534532518961], "train_loss": [89.58333333333334], "mean_test_acc": 89.44580277098615, "std_test_acc": 0.0}