{"seed": 0, "test_acc": [90.00910877798553], "val_acc": [90.0731592724344], "train_loss": [90.11744966442953], "mean_test_acc": 90.00910877798553, "std_test_acc": 0.0}