{"seed": 0, "test_acc": [89.63421454938663], "val_acc": [89.69058326062151], "train_loss": [89.63421454938663], "mean_test_acc": 89.63421454938663, "std_test_acc": 0.0}