{"seed": 0, "test_acc": [79.75031881334318], "val_acc": [79.93735667542927], "train_loss": [79.969795279114], "mean_test_acc": 79.75031881334318, "std_test_acc": 0.0}