{"seed": 0, "test_acc": [22.347962265558], "val_acc": [22.157527350828914], "train_loss": [22.45525727069351], "mean_test_acc": 22.347962265558, "std_test_acc": 0.0}