{"seed": 0, "test_acc": [79.16029680450427], "val_acc": [79.1496073561984], "train_loss": [79.14429530201342], "mean_test_acc": 79.16029680450427, "std_test_acc": 0.0}