{"seed": 0, "test_acc": [37.31482813174169], "val_acc": [37.176991744412376], "train_loss": [37.24832214765101], "mean_test_acc": 37.31482813174169, "std_test_acc": 0.0}