{"seed": 0, "test_acc": [90.05944676158973], "val_acc": [90.1302100812135], "train_loss": [90.16778523489933], "mean_test_acc": 90.05944676158973, "std_test_acc": 0.0}