{"seed": 0, "test_acc": [70.684962153697], "val_acc": [70.62890126854151], "train_loss": [70.684962153697], "mean_test_acc": 70.684962153697, "std_test_acc": 0.0}