{"seed": 0, "test_acc": [67.04947984637757], "val_acc": [67.50117457547486], "train_loss": [66.99944071588368], "mean_test_acc": 67.04947984637757, "std_test_acc": 0.0}