{"seed": 0, "test_acc": [89.69058326062151], "val_acc": [90.20079422786509], "train_loss": [88.77391207070143], "mean_test_acc": 89.69058326062151, "std_test_acc": 0.0}