{"seed": 0, "test_acc": [75.50989969797531], "val_acc": [75.80206725283576], "train_loss": [75.69351230425056], "mean_test_acc": 75.50989969797531, "std_test_acc": 0.0}