{"seed": 0, "test_acc": [91.36344024162231], "val_acc": [91.43063292838445], "train_loss": [91.40939597315436], "mean_test_acc": 91.36344024162231, "std_test_acc": 0.0}