{"seed": 0, "test_acc": [17.421736420729662], "val_acc": [17.17229344251292], "train_loss": [17.343400447427292], "mean_test_acc": 17.421736420729662, "std_test_acc": 0.0}