{"seed": 0, "test_acc": [90.0234910590153], "val_acc": [90.08826095711122], "train_loss": [90.13422818791946], "mean_test_acc": 90.0234910590153, "std_test_acc": 0.0}