{"seed": 0, "test_acc": [68.22102154507014], "val_acc": [67.66976171831301], "train_loss": [68.28870724165208], "mean_test_acc": 68.22102154507014, "std_test_acc": 0.0}