{"seed": 0, "test_acc": [90.98950093484827], "val_acc": [91.09839586549433], "train_loss": [91.08501118568233], "mean_test_acc": 90.98950093484827, "std_test_acc": 0.0}