{"seed": 0, "test_acc": [90.26436481598866], "val_acc": [90.32485401704812], "train_loss": [90.26436481598866], "mean_test_acc": 90.26436481598866, "std_test_acc": 0.0}