{"seed": 0, "test_acc": [89.19890694664174], "val_acc": [89.28619370427545], "train_loss": [89.253355704698], "mean_test_acc": 89.19890694664174, "std_test_acc": 0.0}