{"seed": 0, "test_acc": [70.88067500838966], "val_acc": [70.62890126854151], "train_loss": [70.76062639821029], "mean_test_acc": 70.88067500838966, "std_test_acc": 0.0}