{"seed": 0, "test_acc": [79.06335060964241], "val_acc": [79.069065037922], "train_loss": [79.05760626398211], "mean_test_acc": 79.06335060964241, "std_test_acc": 0.0}