{"seed": 0, "test_acc": [66.87982400536933], "val_acc": [67.03805624538559], "train_loss": [66.76454138702461], "mean_test_acc": 66.87982400536933, "std_test_acc": 0.0}