{"seed": 0, "test_acc": [70.11402280456092], "val_acc": [70.15403080616123], "train_loss": [70.35407081416282], "mean_test_acc": 70.11402280456092, "std_test_acc": 0.0}