{"seed": 0, "test_acc": [10.355242341435352], "val_acc": [10.309416739378483], "train_loss": [10.22930648769575], "mean_test_acc": 10.355242341435352, "std_test_acc": 0.0}