{"seed": 0, "test_acc": [91.09959357172154], "val_acc": [91.14873481441708], "train_loss": [91.09959357172154], "mean_test_acc": 91.09959357172154, "std_test_acc": 0.0}