{"seed": 0, "test_acc": [53.05389623464662], "val_acc": [53.05389623464662], "train_loss": [53.05389623464662], "mean_test_acc": 53.05389623464662, "std_test_acc": 0.0}