{"seed": 0, "test_acc": [70.69428390320294], "val_acc": [70.63729109336198], "train_loss": [70.69428390320294], "mean_test_acc": 70.69428390320294, "std_test_acc": 0.0}