{"seed": 0, "test_acc": [100.19252366436709], "val_acc": [100.19252366436709], "train_loss": [100.19252366436709], "mean_test_acc": 100.19252366436709, "std_test_acc": 0.0}