{"seed": 0, "test_acc": [22.528804205973376], "val_acc": [22.355527216591717], "train_loss": [22.656599552572708], "mean_test_acc": 22.528804205973376, "std_test_acc": 0.0}