{"seed": 0, "test_acc": [91.76374706361761], "val_acc": [91.8367004496946], "train_loss": [91.80928411633109], "mean_test_acc": 91.76374706361761, "std_test_acc": 0.0}