{"seed": 0, "test_acc": [28.678099201288674], "val_acc": [28.396442754069017], "train_loss": [29.315359659917217], "mean_test_acc": 28.678099201288674, "std_test_acc": 0.0}