{"seed": 0, "test_acc": [90.24095576884355], "val_acc": [90.52466718872357], "train_loss": [90.08078241484287], "mean_test_acc": 90.24095576884355, "std_test_acc": 0.0}