{"seed": 0, "test_acc": [43.067740543650224], "val_acc": [42.90053023692865], "train_loss": [43.02013422818792], "mean_test_acc": 43.067740543650224, "std_test_acc": 0.0}