{"seed": 0, "test_acc": [39.63794324918901], "val_acc": [39.37009195248003], "train_loss": [39.63794324918901], "mean_test_acc": 39.63794324918901, "std_test_acc": 0.0}