{"seed": 0, "test_acc": [62.22565272837103], "val_acc": [62.21894086851466], "train_loss": [62.21894086851466], "mean_test_acc": 62.22565272837103, "std_test_acc": 0.0}