{"seed": 0, "test_acc": [62.4706356131284], "val_acc": [62.418434691822966], "train_loss": [62.418434691822966], "mean_test_acc": 62.4706356131284, "std_test_acc": 0.0}