{"seed": 0, "test_acc": [68.54841716693389], "val_acc": [68.82341096717902], "train_loss": [68.54841716693389], "mean_test_acc": 68.54841716693389, "std_test_acc": 0.0}