{"seed": 0, "test_acc": [91.8677057310116], "val_acc": [91.90381904825827], "train_loss": [91.8677057310116], "mean_test_acc": 91.8677057310116, "std_test_acc": 0.0}