{"seed": 0, "test_acc": [91.73977659523467], "val_acc": [91.80817504530505], "train_loss": [91.79250559284117], "mean_test_acc": 91.73977659523467, "std_test_acc": 0.0}