{"seed": 0, "test_acc": [70.6868265035982], "val_acc": [70.62890126854151], "train_loss": [70.6868265035982], "mean_test_acc": 70.6868265035982, "std_test_acc": 0.0}