{"seed": 0, "test_acc": [90.94395704492065], "val_acc": [91.06483656621249], "train_loss": [91.04026845637584], "mean_test_acc": 90.94395704492065, "std_test_acc": 0.0}