{"seed": 0, "test_acc": [67.05320854617995], "val_acc": [67.50620847036714], "train_loss": [67.01062639821029], "mean_test_acc": 67.05320854617995, "std_test_acc": 0.0}