{"seed": 0, "test_acc": [78.13863305865245], "val_acc": [78.32572655882946], "train_loss": [78.0900447427293], "mean_test_acc": 78.13863305865245, "std_test_acc": 0.0}