{"seed": 0, "test_acc": [80.25280584660129], "val_acc": [80.4215047989798], "train_loss": [80.3579418344519], "mean_test_acc": 80.25280584660129, "std_test_acc": 0.0}