{"seed": 0, "test_acc": [89.9204180449686], "val_acc": [89.98758305926572], "train_loss": [90.03355704697987], "mean_test_acc": 89.9204180449686, "std_test_acc": 0.0}