{"seed": 0, "test_acc": [90.74739920418044], "val_acc": [90.83159943620377], "train_loss": [90.82494407158836], "mean_test_acc": 90.74739920418044, "std_test_acc": 0.0}