{"seed": 0, "test_acc": [10.365785450613371], "val_acc": [10.309416739378483], "train_loss": [10.365785450613371], "mean_test_acc": 10.365785450613371, "std_test_acc": 0.0}