{"seed": 0, "test_acc": [89.915623951292], "val_acc": [89.98254916437345], "train_loss": [90.02237136465324], "mean_test_acc": 89.915623951292, "std_test_acc": 0.0}