{"seed": 0, "test_acc": [99.98881390059286], "val_acc": [99.98993221021544], "train_loss": [99.98881431767337], "mean_test_acc": 99.98881390059286, "std_test_acc": 0.0}