{"seed": 0, "test_acc": [91.57198331655401], "val_acc": [91.65380226860863], "train_loss": [91.64988814317674], "mean_test_acc": 91.57198331655401, "std_test_acc": 0.0}