{"seed": 0, "test_acc": [45.559118535366714], "val_acc": [45.50305389623465], "train_loss": [45.559118535366714], "mean_test_acc": 45.559118535366714, "std_test_acc": 0.0}