{"seed": 0, "test_acc": [66.88168835527051], "val_acc": [67.03973421034969], "train_loss": [66.76733780760627], "mean_test_acc": 66.88168835527051, "std_test_acc": 0.0}