{"seed": 0, "test_acc": [89.94678556018985], "val_acc": [90.01778642861937], "train_loss": [90.06152125279641], "mean_test_acc": 89.94678556018985, "std_test_acc": 0.0}