{"seed": 0, "test_acc": [91.38741071000528], "val_acc": [91.49942949191221], "train_loss": [91.4569351230425], "mean_test_acc": 91.38741071000528, "std_test_acc": 0.0}