{"seed": 0, "test_acc": [11.546574620068077], "val_acc": [11.537687093093496], "train_loss": [11.442953020134228], "mean_test_acc": 11.546574620068077, "std_test_acc": 0.0}