{"seed": 0, "test_acc": [90.53645908241047], "val_acc": [90.63359957044096], "train_loss": [90.62919463087248], "mean_test_acc": 90.53645908241047, "std_test_acc": 0.0}