{"seed": 0, "test_acc": [90.09779951100244], "val_acc": [90.17383717027988], "train_loss": [90.19854586129755], "mean_test_acc": 90.09779951100244, "std_test_acc": 0.0}