{"seed": 0, "test_acc": [11.494424904587293], "val_acc": [11.494424904587293], "train_loss": [11.494424904587293], "mean_test_acc": 11.494424904587293, "std_test_acc": 0.0}