{"seed": 0, "test_acc": [67.05507289608114], "val_acc": [67.50788643533123], "train_loss": [67.01062639821029], "mean_test_acc": 67.05507289608114, "std_test_acc": 0.0}