{"seed": 0, "test_acc": [90.28458285790992], "val_acc": [90.25618078084797], "train_loss": [90.16947527386917], "mean_test_acc": 90.28458285790992, "std_test_acc": 0.0}