{"seed": 0, "test_acc": [79.75031881334318], "val_acc": [79.77402394003803], "train_loss": [79.82597022796462], "mean_test_acc": 79.75031881334318, "std_test_acc": 0.0}