{"seed": 0, "test_acc": [68.86475861738339], "val_acc": [68.80663131753809], "train_loss": [69.01845637583892], "mean_test_acc": 68.86475861738339, "std_test_acc": 0.0}