{"seed": 0, "test_acc": [52.87296319773295], "val_acc": [53.05389623464662], "train_loss": [52.87296319773295], "mean_test_acc": 52.87296319773295, "std_test_acc": 0.0}