{"seed": 0, "test_acc": [78.13676870875126], "val_acc": [78.32404859386536], "train_loss": [78.0900447427293], "mean_test_acc": 78.13676870875126, "std_test_acc": 0.0}