{"seed": 0, "test_acc": [0.5287296319773295], "val_acc": [53.05389623464662], "train_loss": [0.5287296319773295], "mean_test_acc": 0.5287296319773295, "std_test_acc": 0.0}