{"seed": 0, "test_acc": [76.24818225884634], "val_acc": [76.39606685012417], "train_loss": [76.35626398210292], "mean_test_acc": 76.24818225884634, "std_test_acc": 0.0}