{"seed": 0, "test_acc": [58.94355325860796], "val_acc": [59.37692264668046], "train_loss": [59.07819666629377], "mean_test_acc": 58.94355325860796, "std_test_acc": 0.0}