{"seed": 0, "test_acc": [39.66793358671734], "val_acc": [39.94798959791959], "train_loss": [39.16783356671335], "mean_test_acc": 39.66793358671734, "std_test_acc": 0.0}