{"seed": 0, "test_acc": [68.21183477923087], "val_acc": [68.2428858563419], "train_loss": [68.10828583954405], "mean_test_acc": 68.21183477923087, "std_test_acc": 0.0}