{"seed": 0, "test_acc": [31.788165220769134], "val_acc": [31.7571141436581], "train_loss": [31.89171416045594], "mean_test_acc": 31.788165220769134, "std_test_acc": 0.0}