{"seed": 0, "test_acc": [74.13496971130371], "val_acc": [75.64687132835388], "train_loss": [73.16561341285706], "mean_test_acc": 74.13496971130371, "std_test_acc": 0.0}