{"seed": 0, "test_acc": [63.99699938222575], "val_acc": [63.97934868943606], "train_loss": [64.04112611419998], "mean_test_acc": 63.99699938222575, "std_test_acc": 0.0}