{"seed": 0, "test_acc": [74.09704327583313], "val_acc": [75.61625838279724], "train_loss": [73.12862277030945], "mean_test_acc": 74.09704327583313, "std_test_acc": 0.0}