{"seed": 0, "test_acc": [74.09959435462952], "val_acc": [75.65568089485168], "train_loss": [73.1616199016571], "mean_test_acc": 74.09959435462952, "std_test_acc": 0.0}