{"seed": 0, "test_acc": [78.58725786209106], "val_acc": [78.73107194900513], "train_loss": [78.55682373046875], "mean_test_acc": 78.58725786209106, "std_test_acc": 0.0}