{"seed": 0, "test_acc": [79.89831257829194], "val_acc": [79.88925245406494], "train_loss": [79.86143187066975], "mean_test_acc": 79.89831257829194, "std_test_acc": 0.0}