{"seed": 0, "test_acc": [80.04869222640991], "val_acc": [80.04721403121948], "train_loss": [79.92250323295593], "mean_test_acc": 80.04869222640991, "std_test_acc": 0.0}