{"seed": 0, "test_acc": [79.9438368312149], "val_acc": [79.88925245406494], "train_loss": [79.89205859676176], "mean_test_acc": 79.9438368312149, "std_test_acc": 0.0}