{"seed": 0, "test_acc": [79.9012745892581], "val_acc": [79.88925245406494], "train_loss": [79.90119020884798], "mean_test_acc": 79.9012745892581, "std_test_acc": 0.0}