{"seed": 0, "test_acc": [80.04311323165894], "val_acc": [80.0247311592102], "train_loss": [80.02738952636719], "mean_test_acc": 80.04311323165894, "std_test_acc": 0.0}