{"seed": 0, "test_acc": [78.17656063956456], "val_acc": [78.17656063956456], "train_loss": [78.17656063956456], "mean_test_acc": 78.17656063956456, "std_test_acc": 0.0}