{"seed": 0, "test_acc": [13.957285323448945], "val_acc": [13.957285323448945], "train_loss": [13.957285323448945], "mean_test_acc": 13.957285323448945, "std_test_acc": 0.0}