{"seed": 0, "test_acc": [21.823439360435447], "val_acc": [21.823439360435447], "train_loss": [21.823439360435447], "mean_test_acc": 21.823439360435447, "std_test_acc": 0.0}