{"seed": 0, "test_acc": [79.9863874912262], "val_acc": [79.96290326118469], "train_loss": [79.98088598251343], "mean_test_acc": 79.9863874912262, "std_test_acc": 0.0}