{"seed": 0, "test_acc": [68.24770176526987], "val_acc": [68.27825998680271], "train_loss": [68.1583622366974], "mean_test_acc": 68.24770176526987, "std_test_acc": 0.0}