{"seed": 0, "test_acc": [91.5805022156573], "val_acc": [92.46676514032495], "train_loss": [91.10044313146234], "mean_test_acc": 91.5805022156573, "std_test_acc": 0.0}