{"seed": 0, "test_acc": [92.13441654357459], "val_acc": [93.50073855243723], "train_loss": [91.17429837518463], "mean_test_acc": 92.13441654357459, "std_test_acc": 0.0}