{"seed": 0, "test_acc": [91.94977843426884], "val_acc": [92.57754800590841], "train_loss": [90.62038404726735], "mean_test_acc": 91.94977843426884, "std_test_acc": 0.0}