{"seed": 0, "test_acc": [88.25701624815362], "val_acc": [89.47562776957164], "train_loss": [87.1861152141802], "mean_test_acc": 88.25701624815362, "std_test_acc": 0.0}