{"seed": 0, "test_acc": [91.10044313146234], "val_acc": [91.39586410635155], "train_loss": [89.95568685376661], "mean_test_acc": 91.10044313146234, "std_test_acc": 0.0}