{"seed": 0, "test_acc": [88.47858197932054], "val_acc": [89.6602658788774], "train_loss": [87.07533234859675], "mean_test_acc": 88.47858197932054, "std_test_acc": 0.0}