{"seed": 0, "test_acc": [90.80502215657312], "val_acc": [91.24815361890694], "train_loss": [89.5864106351551], "mean_test_acc": 90.80502215657312, "std_test_acc": 0.0}