{"seed": 0, "test_acc": [88.18316100443131], "val_acc": [88.99556868537665], "train_loss": [87.14918759231905], "mean_test_acc": 88.18316100443131, "std_test_acc": 0.0}