{"seed": 0, "test_acc": [89.10635155096011], "val_acc": [90.17725258493353], "train_loss": [87.77695716395864], "mean_test_acc": 89.10635155096011, "std_test_acc": 0.0}