{"seed": 0, "test_acc": [88.36779911373708], "val_acc": [90.32496307237814], "train_loss": [86.66912850812407], "mean_test_acc": 88.36779911373708, "std_test_acc": 0.0}