{"seed": 0, "test_acc": [88.88478581979321], "val_acc": [89.91875923190547], "train_loss": [87.14918759231905], "mean_test_acc": 88.88478581979321, "std_test_acc": 0.0}