{"seed": 0, "test_acc": [91.02658788774004], "val_acc": [91.2850812407681], "train_loss": [89.80797636632201], "mean_test_acc": 91.02658788774004, "std_test_acc": 0.0}