{"seed": 0, "test_acc": [91.87592319054653], "val_acc": [92.90989660265879], "train_loss": [90.73116691285081], "mean_test_acc": 91.87592319054653, "std_test_acc": 0.0}