{"seed": 0, "test_acc": [90.87887740029542], "val_acc": [91.98670605612999], "train_loss": [89.88183161004432], "mean_test_acc": 90.87887740029542, "std_test_acc": 0.0}