{"seed": 0, "test_acc": [87.74002954209749], "val_acc": [88.88478581979321], "train_loss": [86.74298375184638], "mean_test_acc": 87.74002954209749, "std_test_acc": 0.0}