{"seed": 0, "test_acc": [87.70310192023634], "val_acc": [88.8109305760709], "train_loss": [86.11521418020679], "mean_test_acc": 87.70310192023634, "std_test_acc": 0.0}