{"seed": 0, "test_acc": [91.94977843426884], "val_acc": [92.46676514032495], "train_loss": [90.6573116691285], "mean_test_acc": 91.94977843426884, "std_test_acc": 0.0}