{"seed": 0, "test_acc": [90.98966026587888], "val_acc": [91.46971935007386], "train_loss": [90.06646971935007], "mean_test_acc": 90.98966026587888, "std_test_acc": 0.0}