{"seed": 0, "test_acc": [90.73116691285081], "val_acc": [91.4327917282127], "train_loss": [89.91875923190547], "mean_test_acc": 90.73116691285081, "std_test_acc": 0.0}