{"seed": 0, "test_acc": [88.8109305760709], "val_acc": [89.77104874446086], "train_loss": [87.40768094534712], "mean_test_acc": 88.8109305760709, "std_test_acc": 0.0}