{"seed": 0, "test_acc": [90.54652880354506], "val_acc": [90.87887740029542], "train_loss": [89.21713441654357], "mean_test_acc": 90.54652880354506, "std_test_acc": 0.0}