{"seed": 0, "test_acc": [88.70014771048744], "val_acc": [90.02954209748893], "train_loss": [87.44460856720828], "mean_test_acc": 88.70014771048744, "std_test_acc": 0.0}