{"seed": 0, "test_acc": [90.62038404726735], "val_acc": [91.94977843426884], "train_loss": [89.21713441654357], "mean_test_acc": 90.62038404726735, "std_test_acc": 0.0}