{"seed": 0, "test_acc": [87.96159527326441], "val_acc": [89.43870014771049], "train_loss": [86.1890694239291], "mean_test_acc": 87.96159527326441, "std_test_acc": 0.0}