{"seed": 0, "test_acc": [90.62038404726735], "val_acc": [91.61742983751846], "train_loss": [89.54948301329394], "mean_test_acc": 90.62038404726735, "std_test_acc": 0.0}