{"seed": 0, "test_acc": [91.50664697193501], "val_acc": [92.42983751846381], "train_loss": [90.36189069423929], "mean_test_acc": 91.50664697193501, "std_test_acc": 0.0}