{"seed": 0, "test_acc": [88.29394387001477], "val_acc": [89.10635155096011], "train_loss": [86.29985228951256], "mean_test_acc": 88.29394387001477, "std_test_acc": 0.0}