{"seed": 0, "test_acc": [90.76809453471196], "val_acc": [91.65435745937963], "train_loss": [89.84490398818316], "mean_test_acc": 90.76809453471196, "std_test_acc": 0.0}