{"seed": 0, "test_acc": [88.36779911373708], "val_acc": [90.25110782865583], "train_loss": [87.00147710487445], "mean_test_acc": 88.36779911373708, "std_test_acc": 0.0}