{"seed": 0, "test_acc": [90.36189069423929], "val_acc": [90.98966026587888], "train_loss": [89.32791728212703], "mean_test_acc": 90.36189069423929, "std_test_acc": 0.0}