{"seed": 0, "test_acc": [87.55539143279172], "val_acc": [88.29394387001477], "train_loss": [85.93057607090103], "mean_test_acc": 87.55539143279172, "std_test_acc": 0.0}