{"seed": 0, "test_acc": [92.13441654357459], "val_acc": [93.02067946824224], "train_loss": [91.2850812407681], "mean_test_acc": 92.13441654357459, "std_test_acc": 0.0}