{"seed": 0, "test_acc": [85.48744460856722], "val_acc": [86.1890694239291], "train_loss": [84.12112259970458], "mean_test_acc": 85.48744460856722, "std_test_acc": 0.0}