{"seed": 0, "test_acc": [88.51550960118169], "val_acc": [89.80797636632201], "train_loss": [87.00147710487445], "mean_test_acc": 88.51550960118169, "std_test_acc": 0.0}