{"seed": 0, "test_acc": [88.36779911373708], "val_acc": [88.95864106351551], "train_loss": [86.9645494830133], "mean_test_acc": 88.36779911373708, "std_test_acc": 0.0}