{"seed": 0, "test_acc": [89.43870014771049], "val_acc": [90.17725258493353], "train_loss": [87.92466765140325], "mean_test_acc": 89.43870014771049, "std_test_acc": 0.0}