{"seed": 0, "test_acc": [90.98966026587888], "val_acc": [91.1373707533235], "train_loss": [89.5864106351551], "mean_test_acc": 90.98966026587888, "std_test_acc": 0.0}