{"seed": 0, "test_acc": [90.50960118168389], "val_acc": [91.02658788774004], "train_loss": [89.14327917282127], "mean_test_acc": 90.50960118168389, "std_test_acc": 0.0}