{"seed": 0, "test_acc": [91.54357459379617], "val_acc": [92.17134416543574], "train_loss": [90.25110782865583], "mean_test_acc": 91.54357459379617, "std_test_acc": 0.0}