{"seed": 0, "test_acc": [88.55243722304283], "val_acc": [89.40177252584934], "train_loss": [87.29689807976366], "mean_test_acc": 88.55243722304283, "std_test_acc": 0.0}