{"seed": 0, "test_acc": [88.8109305760709], "val_acc": [89.84490398818316], "train_loss": [86.77991137370753], "mean_test_acc": 88.8109305760709, "std_test_acc": 0.0}