{"seed": 0, "test_acc": [88.92171344165436], "val_acc": [90.25110782865583], "train_loss": [87.07533234859675], "mean_test_acc": 88.92171344165436, "std_test_acc": 0.0}