{"seed": 0, "test_acc": [88.18316100443131], "val_acc": [89.06942392909897], "train_loss": [86.81683899556869], "mean_test_acc": 88.18316100443131, "std_test_acc": 0.0}