{"seed": 0, "test_acc": [89.5864106351551], "val_acc": [90.36189069423929], "train_loss": [88.95864106351551], "mean_test_acc": 89.5864106351551, "std_test_acc": 0.0}