{"seed": 0, "test_acc": [87.85081240768095], "val_acc": [88.77400295420975], "train_loss": [86.1890694239291], "mean_test_acc": 87.85081240768095, "std_test_acc": 0.0}