{"seed": 0, "test_acc": [90.21418020679468], "val_acc": [90.95273264401771], "train_loss": [89.5864106351551], "mean_test_acc": 90.21418020679468, "std_test_acc": 0.0}