{"seed": 0, "test_acc": [87.96159527326441], "val_acc": [88.51550960118169], "train_loss": [86.70605612998523], "mean_test_acc": 87.96159527326441, "std_test_acc": 0.0}