{"seed": 0, "test_acc": [88.29394387001477], "val_acc": [89.18020679468242], "train_loss": [86.66912850812407], "mean_test_acc": 88.29394387001477, "std_test_acc": 0.0}