{"seed": 0, "test_acc": [90.98966026587888], "val_acc": [91.5805022156573], "train_loss": [90.4357459379616], "mean_test_acc": 90.98966026587888, "std_test_acc": 0.0}