{"seed": 0, "test_acc": [88.7370753323486], "val_acc": [89.51255539143278], "train_loss": [87.00147710487445], "mean_test_acc": 88.7370753323486, "std_test_acc": 0.0}