{"seed": 0, "test_acc": [88.44165435745937], "val_acc": [89.69719350073855], "train_loss": [86.66912850812407], "mean_test_acc": 88.44165435745937, "std_test_acc": 0.0}