{"seed": 0, "test_acc": [88.29394387001477], "val_acc": [89.84490398818316], "train_loss": [86.92762186115213], "mean_test_acc": 88.29394387001477, "std_test_acc": 0.0}