{"seed": 0, "test_acc": [88.40472673559823], "val_acc": [89.40177252584934], "train_loss": [87.1122599704579], "mean_test_acc": 88.40472673559823, "std_test_acc": 0.0}