{"seed": 0, "test_acc": [88.33087149187593], "val_acc": [89.54948301329394], "train_loss": [86.9645494830133], "mean_test_acc": 88.33087149187593, "std_test_acc": 0.0}