{"seed": 0, "test_acc": [88.40472673559823], "val_acc": [88.92171344165436], "train_loss": [86.63220088626292], "mean_test_acc": 88.40472673559823, "std_test_acc": 0.0}