{"seed": 0, "test_acc": [89.88183161004432], "val_acc": [90.32496307237814], "train_loss": [88.109305760709], "mean_test_acc": 89.88183161004432, "std_test_acc": 0.0}