{"seed": 0, "test_acc": [92.09748892171345], "val_acc": [92.90989660265879], "train_loss": [91.02658788774004], "mean_test_acc": 92.09748892171345, "std_test_acc": 0.0}