{"seed": 0, "test_acc": [91.87592319054653], "val_acc": [92.87296898079764], "train_loss": [91.06351550960117], "mean_test_acc": 91.87592319054653, "std_test_acc": 0.0}