{"seed": 0, "test_acc": [87.77695716395864], "val_acc": [89.21713441654357], "train_loss": [86.04135893648449], "mean_test_acc": 87.77695716395864, "std_test_acc": 0.0}