{"seed": 0, "test_acc": [91.21122599704579], "val_acc": [92.24519940915805], "train_loss": [90.21418020679468], "mean_test_acc": 91.21122599704579, "std_test_acc": 0.0}