{"seed": 0, "test_acc": [91.61742983751846], "val_acc": [92.68833087149187], "train_loss": [90.80502215657312], "mean_test_acc": 91.61742983751846, "std_test_acc": 0.0}