{"seed": 0, "test_acc": [91.91285081240767], "val_acc": [92.68833087149187], "train_loss": [90.91580502215658], "mean_test_acc": 91.91285081240767, "std_test_acc": 0.0}