{"seed": 0, "test_acc": [90.69423929098967], "val_acc": [91.50664697193501], "train_loss": [90.02954209748893], "mean_test_acc": 90.69423929098967, "std_test_acc": 0.0}