{"seed": 0, "test_acc": [87.96159527326441], "val_acc": [88.99556868537665], "train_loss": [86.74298375184638], "mean_test_acc": 87.96159527326441, "std_test_acc": 0.0}