{"seed": 0, "test_acc": [90.10339734121122], "val_acc": [91.17429837518463], "train_loss": [89.29098966026588], "mean_test_acc": 90.10339734121122, "std_test_acc": 0.0}