{"seed": 0, "test_acc": [92.68833087149187], "val_acc": [93.02067946824224], "train_loss": [91.69128508124076], "mean_test_acc": 92.68833087149187, "std_test_acc": 0.0}