{"seed": 0, "test_acc": [89.06942392909897], "val_acc": [90.06646971935007], "train_loss": [88.0354505169867], "mean_test_acc": 89.06942392909897, "std_test_acc": 0.0}