{"seed": 0, "test_acc": [90.10339734121122], "val_acc": [90.73116691285081], "train_loss": [89.14327917282127], "mean_test_acc": 90.10339734121122, "std_test_acc": 0.0}