{"seed": 0, "test_acc": [88.47858197932054], "val_acc": [89.14327917282127], "train_loss": [87.92466765140325], "mean_test_acc": 88.47858197932054, "std_test_acc": 0.0}