{"seed": 0, "test_acc": [91.06351550960117], "val_acc": [91.94977843426884], "train_loss": [90.14032496307239], "mean_test_acc": 91.06351550960117, "std_test_acc": 0.0}