{"seed": 0, "test_acc": [90.62038404726735], "val_acc": [91.5805022156573], "train_loss": [90.25110782865583], "mean_test_acc": 90.62038404726735, "std_test_acc": 0.0}