{"seed": 0, "test_acc": [91.54357459379617], "val_acc": [91.91285081240767], "train_loss": [90.28803545051699], "mean_test_acc": 91.54357459379617, "std_test_acc": 0.0}