{"seed": 0, "test_acc": [86.74298375184638], "val_acc": [87.03840472673559], "train_loss": [84.74889217134417], "mean_test_acc": 86.74298375184638, "std_test_acc": 0.0}