{"seed": 0, "test_acc": [91.5805022156573], "val_acc": [92.76218611521418], "train_loss": [91.06351550960117], "mean_test_acc": 91.5805022156573, "std_test_acc": 0.0}