{"seed": 0, "test_acc": [89.03249630723782], "val_acc": [90.14032496307239], "train_loss": [87.62924667651403], "mean_test_acc": 89.03249630723782, "std_test_acc": 0.0}