{"seed": 0, "test_acc": [87.66617429837518], "val_acc": [88.47858197932054], "train_loss": [86.66912850812407], "mean_test_acc": 87.66617429837518, "std_test_acc": 0.0}