{"seed": 0, "test_acc": [92.09748892171345], "val_acc": [92.68833087149187], "train_loss": [90.98966026587888], "mean_test_acc": 92.09748892171345, "std_test_acc": 0.0}