{"seed": 0, "test_acc": [88.95864106351551], "val_acc": [90.17725258493353], "train_loss": [87.40768094534712], "mean_test_acc": 88.95864106351551, "std_test_acc": 0.0}