{"seed": 0, "test_acc": [88.40472673559823], "val_acc": [89.77104874446086], "train_loss": [87.40768094534712], "mean_test_acc": 88.40472673559823, "std_test_acc": 0.0}