{"seed": 0, "test_acc": [88.51550960118169], "val_acc": [89.54948301329394], "train_loss": [87.1861152141802], "mean_test_acc": 88.51550960118169, "std_test_acc": 0.0}