{"seed": 0, "test_acc": [90.91580502215658], "val_acc": [91.94977843426884], "train_loss": [89.77104874446086], "mean_test_acc": 90.91580502215658, "std_test_acc": 0.0}