{"seed": 0, "test_acc": [92.0605612998523], "val_acc": [92.83604135893648], "train_loss": [91.46971935007386], "mean_test_acc": 92.0605612998523, "std_test_acc": 0.0}