{"seed": 0, "test_acc": [91.4327917282127], "val_acc": [91.80206794682422], "train_loss": [90.32496307237814], "mean_test_acc": 91.4327917282127, "std_test_acc": 0.0}