{"seed": 0, "test_acc": [88.70014771048744], "val_acc": [89.77104874446086], "train_loss": [87.37075332348597], "mean_test_acc": 88.70014771048744, "std_test_acc": 0.0}