{"seed": 0, "test_acc": [88.109305760709], "val_acc": [89.21713441654357], "train_loss": [86.890694239291], "mean_test_acc": 88.109305760709, "std_test_acc": 0.0}