{"seed": 0, "test_acc": [88.07237813884787], "val_acc": [89.77104874446086], "train_loss": [86.52141802067946], "mean_test_acc": 88.07237813884787, "std_test_acc": 0.0}