{"seed": 0, "test_acc": [89.21713441654357], "val_acc": [90.28803545051699], "train_loss": [88.51550960118169], "mean_test_acc": 89.21713441654357, "std_test_acc": 0.0}