{"seed": 0, "test_acc": [90.62038404726735], "val_acc": [91.06351550960117], "train_loss": [89.5864106351551], "mean_test_acc": 90.62038404726735, "std_test_acc": 0.0}