{"seed": 0, "test_acc": [88.29394387001477], "val_acc": [89.32791728212703], "train_loss": [86.70605612998523], "mean_test_acc": 88.29394387001477, "std_test_acc": 0.0}