{"seed": 0, "test_acc": [90.39881831610043], "val_acc": [90.80502215657312], "train_loss": [90.10339734121122], "mean_test_acc": 90.39881831610043, "std_test_acc": 0.0}