{"seed": 0, "test_acc": [90.54652880354506], "val_acc": [91.21122599704579], "train_loss": [89.10635155096011], "mean_test_acc": 90.54652880354506, "std_test_acc": 0.0}