{"seed": 0, "test_acc": [90.91580502215658], "val_acc": [91.80206794682422], "train_loss": [90.10339734121122], "mean_test_acc": 90.91580502215658, "std_test_acc": 0.0}