{"seed": 0, "test_acc": [87.40768094534712], "val_acc": [88.88478581979321], "train_loss": [86.04135893648449], "mean_test_acc": 87.40768094534712, "std_test_acc": 0.0}