{"seed": 0, "test_acc": [88.25701624815362], "val_acc": [89.54948301329394], "train_loss": [86.77991137370753], "mean_test_acc": 88.25701624815362, "std_test_acc": 0.0}