{"seed": 0, "test_acc": [90.98966026587888], "val_acc": [91.94977843426884], "train_loss": [89.99261447562778], "mean_test_acc": 90.98966026587888, "std_test_acc": 0.0}