{"seed": 0, "test_acc": [88.18316100443131], "val_acc": [88.88478581979321], "train_loss": [87.1122599704579], "mean_test_acc": 88.18316100443131, "std_test_acc": 0.0}