{"seed": 0, "test_acc": [89.18020679468242], "val_acc": [90.39881831610043], "train_loss": [87.51846381093058], "mean_test_acc": 89.18020679468242, "std_test_acc": 0.0}