{"seed": 0, "test_acc": [88.25701624815362], "val_acc": [89.29098966026588], "train_loss": [86.92762186115213], "mean_test_acc": 88.25701624815362, "std_test_acc": 0.0}