{"seed": 0, "test_acc": [87.77695716395864], "val_acc": [88.70014771048744], "train_loss": [85.67208271787297], "mean_test_acc": 87.77695716395864, "std_test_acc": 0.0}