{"seed": 0, "test_acc": [90.50960118168389], "val_acc": [90.76809453471196], "train_loss": [89.06942392909897], "mean_test_acc": 90.50960118168389, "std_test_acc": 0.0}