{"seed": 0, "test_acc": [89.25406203840473], "val_acc": [90.28803545051699], "train_loss": [87.77695716395864], "mean_test_acc": 89.25406203840473, "std_test_acc": 0.0}