{"seed": 0, "test_acc": [88.77400295420975], "val_acc": [89.77104874446086], "train_loss": [87.51846381093058], "mean_test_acc": 88.77400295420975, "std_test_acc": 0.0}