{"seed": 0, "test_acc": [90.06646971935007], "val_acc": [90.76809453471196], "train_loss": [89.32791728212703], "mean_test_acc": 90.06646971935007, "std_test_acc": 0.0}