{"seed": 0, "test_acc": [90.91580502215658], "val_acc": [91.83899556868538], "train_loss": [90.69423929098967], "mean_test_acc": 90.91580502215658, "std_test_acc": 0.0}