{"seed": 0, "test_acc": [88.33087149187593], "val_acc": [88.92171344165436], "train_loss": [87.22304283604136], "mean_test_acc": 88.33087149187593, "std_test_acc": 0.0}