{"seed": 0, "test_acc": [88.58936484490398], "val_acc": [89.54948301329394], "train_loss": [86.70605612998523], "mean_test_acc": 88.58936484490398, "std_test_acc": 0.0}