{"seed": 0, "test_acc": [91.98670605612999], "val_acc": [93.09453471196456], "train_loss": [91.02658788774004], "mean_test_acc": 91.98670605612999, "std_test_acc": 0.0}