{"seed": 0, "test_acc": [89.91875923190547], "val_acc": [90.95273264401771], "train_loss": [89.29098966026588], "mean_test_acc": 89.91875923190547, "std_test_acc": 0.0}