{"seed": 0, "test_acc": [87.22304283604136], "val_acc": [88.25701624815362], "train_loss": [86.22599704579025], "mean_test_acc": 87.22304283604136, "std_test_acc": 0.0}