{"seed": 0, "test_acc": [89.95568685376661], "val_acc": [90.69423929098967], "train_loss": [89.36484490398819], "mean_test_acc": 89.95568685376661, "std_test_acc": 0.0}