{"seed": 0, "test_acc": [90.6573116691285], "val_acc": [91.72821270310192], "train_loss": [89.5864106351551], "mean_test_acc": 90.6573116691285, "std_test_acc": 0.0}