{"seed": 0, "test_acc": [88.14623338257016], "val_acc": [89.21713441654357], "train_loss": [86.52141802067946], "mean_test_acc": 88.14623338257016, "std_test_acc": 0.0}