{"seed": 0, "test_acc": [90.87887740029542], "val_acc": [91.65435745937963], "train_loss": [89.6602658788774], "mean_test_acc": 90.87887740029542, "std_test_acc": 0.0}