{"seed": 0, "test_acc": [90.06646971935007], "val_acc": [90.87887740029542], "train_loss": [89.25406203840473], "mean_test_acc": 90.06646971935007, "std_test_acc": 0.0}