{"seed": 0, "test_acc": [92.3559822747415], "val_acc": [92.79911373707533], "train_loss": [91.17429837518463], "mean_test_acc": 92.3559822747415, "std_test_acc": 0.0}