{"seed": 0, "test_acc": [92.42983751846381], "val_acc": [93.27917282127031], "train_loss": [91.50664697193501], "mean_test_acc": 92.42983751846381, "std_test_acc": 0.0}