{"seed": 0, "test_acc": [91.17429837518463], "val_acc": [91.87592319054653], "train_loss": [89.95568685376661], "mean_test_acc": 91.17429837518463, "std_test_acc": 0.0}