{"seed": 0, "test_acc": [90.73116691285081], "val_acc": [91.65435745937963], "train_loss": [89.29098966026588], "mean_test_acc": 90.73116691285081, "std_test_acc": 0.0}