{"seed": 0, "test_acc": [89.18020679468242], "val_acc": [89.77104874446086], "train_loss": [87.8877400295421], "mean_test_acc": 89.18020679468242, "std_test_acc": 0.0}