{"seed": 0, "test_acc": [88.99556868537665], "val_acc": [89.47562776957164], "train_loss": [87.40768094534712], "mean_test_acc": 88.99556868537665, "std_test_acc": 0.0}