{"seed": 0, "test_acc": [90.39881831610043], "val_acc": [91.24815361890694], "train_loss": [89.51255539143278], "mean_test_acc": 90.39881831610043, "std_test_acc": 0.0}