{"seed": 0, "test_acc": [89.36484490398819], "val_acc": [90.62038404726735], "train_loss": [87.99852289512555], "mean_test_acc": 89.36484490398819, "std_test_acc": 0.0}