{"seed": 0, "test_acc": [89.03249630723782], "val_acc": [89.77104874446086], "train_loss": [87.33382570162482], "mean_test_acc": 89.03249630723782, "std_test_acc": 0.0}