{"seed": 0, "test_acc": [87.85081240768095], "val_acc": [89.25406203840473], "train_loss": [86.59527326440177], "mean_test_acc": 87.85081240768095, "std_test_acc": 0.0}