{"seed": 0, "test_acc": [90.25110782865583], "val_acc": [90.95273264401771], "train_loss": [89.03249630723782], "mean_test_acc": 90.25110782865583, "std_test_acc": 0.0}