{"seed": 0, "test_acc": [92.46676514032495], "val_acc": [93.1314623338257], "train_loss": [91.3589364844904], "mean_test_acc": 92.46676514032495, "std_test_acc": 0.0}