{"seed": 0, "test_acc": [92.76218611521418], "val_acc": [93.38995568685377], "train_loss": [91.72821270310192], "mean_test_acc": 92.76218611521418, "std_test_acc": 0.0}