{"seed": 0, "test_acc": [91.21122599704579], "val_acc": [91.98670605612999], "train_loss": [90.25110782865583], "mean_test_acc": 91.21122599704579, "std_test_acc": 0.0}