{"seed": 0, "test_acc": [91.06351550960117], "val_acc": [92.13441654357459], "train_loss": [89.95568685376661], "mean_test_acc": 91.06351550960117, "std_test_acc": 0.0}