{"seed": 0, "test_acc": [90.84194977843427], "val_acc": [91.4327917282127], "train_loss": [90.02954209748893], "mean_test_acc": 90.84194977843427, "std_test_acc": 0.0}