{"seed": 0, "test_acc": [92.54062038404727], "val_acc": [93.16838995568686], "train_loss": [91.32200886262925], "mean_test_acc": 92.54062038404727, "std_test_acc": 0.0}