{"seed": 0, "test_acc": [88.88478581979321], "val_acc": [89.18020679468242], "train_loss": [88.36779911373708], "mean_test_acc": 88.88478581979321, "std_test_acc": 0.0}