{"seed": 0, "test_acc": [92.46676514032495], "val_acc": [93.09453471196456], "train_loss": [91.39586410635155], "mean_test_acc": 92.46676514032495, "std_test_acc": 0.0}