{"seed": 0, "test_acc": [88.84785819793206], "val_acc": [90.02954209748893], "train_loss": [87.29689807976366], "mean_test_acc": 88.84785819793206, "std_test_acc": 0.0}