{"seed": 0, "test_acc": [92.54062038404727], "val_acc": [94.09158050221565], "train_loss": [91.87592319054653], "mean_test_acc": 92.54062038404727, "std_test_acc": 0.0}