{"seed": 0, "test_acc": [88.40472673559823], "val_acc": [89.84490398818316], "train_loss": [87.33382570162482], "mean_test_acc": 88.40472673559823, "std_test_acc": 0.0}