{"seed": 0, "test_acc": [88.109305760709], "val_acc": [88.95864106351551], "train_loss": [86.85376661742984], "mean_test_acc": 88.109305760709, "std_test_acc": 0.0}