{"seed": 0, "test_acc": [92.31905465288035], "val_acc": [92.54062038404727], "train_loss": [91.3589364844904], "mean_test_acc": 92.31905465288035, "std_test_acc": 0.0}