{"seed": 0, "test_acc": [90.87887740029542], "val_acc": [91.32200886262925], "train_loss": [90.21418020679468], "mean_test_acc": 90.87887740029542, "std_test_acc": 0.0}