{"seed": 0, "test_acc": [88.44165435745937], "val_acc": [89.47562776957164], "train_loss": [87.00147710487445], "mean_test_acc": 88.44165435745937, "std_test_acc": 0.0}