{"seed": 0, "test_acc": [91.1373707533235], "val_acc": [92.02363367799113], "train_loss": [89.84490398818316], "mean_test_acc": 91.1373707533235, "std_test_acc": 0.0}