{"seed": 0, "test_acc": [89.5864106351551], "val_acc": [89.77104874446086], "train_loss": [88.77400295420975], "mean_test_acc": 89.5864106351551, "std_test_acc": 0.0}