{"seed": 0, "test_acc": [90.10339734121122], "val_acc": [91.21122599704579], "train_loss": [88.88478581979321], "mean_test_acc": 90.10339734121122, "std_test_acc": 0.0}