{"seed": 0, "test_acc": [88.44165435745937], "val_acc": [89.29098966026588], "train_loss": [87.29689807976366], "mean_test_acc": 88.44165435745937, "std_test_acc": 0.0}