{"seed": 0, "test_acc": [87.74002954209749], "val_acc": [88.84785819793206], "train_loss": [87.00147710487445], "mean_test_acc": 87.74002954209749, "std_test_acc": 0.0}