{"seed": 0, "test_acc": [91.5805022156573], "val_acc": [92.54062038404727], "train_loss": [90.39881831610043], "mean_test_acc": 91.5805022156573, "std_test_acc": 0.0}