{"seed": 0, "test_acc": [90.76809453471196], "val_acc": [90.95273264401771], "train_loss": [89.77104874446086], "mean_test_acc": 90.76809453471196, "std_test_acc": 0.0}