{"seed": 0, "test_acc": [87.66617429837518], "val_acc": [89.47562776957164], "train_loss": [86.2629246676514], "mean_test_acc": 87.66617429837518, "std_test_acc": 0.0}