{"seed": 0, "test_acc": [90.39881831610043], "val_acc": [91.3589364844904], "train_loss": [89.54948301329394], "mean_test_acc": 90.39881831610043, "std_test_acc": 0.0}