{"seed": 0, "test_acc": [88.62629246676515], "val_acc": [89.6602658788774], "train_loss": [86.92762186115213], "mean_test_acc": 88.62629246676515, "std_test_acc": 0.0}