{"seed": 0, "test_acc": [86.29985228951256], "val_acc": [86.66912850812407], "train_loss": [85.67208271787297], "mean_test_acc": 86.29985228951256, "std_test_acc": 0.0}