{"seed": 0, "test_acc": [87.70310192023634], "val_acc": [88.70014771048744], "train_loss": [86.44756277695717], "mean_test_acc": 87.70310192023634, "std_test_acc": 0.0}