{"seed": 0, "test_acc": [92.17134416543574], "val_acc": [93.205317577548], "train_loss": [91.21122599704579], "mean_test_acc": 92.17134416543574, "std_test_acc": 0.0}