{"seed": 0, "test_acc": [92.57754800590841], "val_acc": [93.24224519940915], "train_loss": [91.17429837518463], "mean_test_acc": 92.57754800590841, "std_test_acc": 0.0}