{"seed": 0, "test_acc": [87.14918759231905], "val_acc": [88.47858197932054], "train_loss": [85.67208271787297], "mean_test_acc": 87.14918759231905, "std_test_acc": 0.0}