{"seed": 0, "test_acc": [88.29394387001477], "val_acc": [89.7341211225997], "train_loss": [87.33382570162482], "mean_test_acc": 88.29394387001477, "std_test_acc": 0.0}