{"seed": 0, "test_acc": [90.80502215657312], "val_acc": [91.65435745937963], "train_loss": [89.91875923190547], "mean_test_acc": 90.80502215657312, "std_test_acc": 0.0}