{"seed": 0, "test_acc": [92.17134416543574], "val_acc": [92.9837518463811], "train_loss": [91.1373707533235], "mean_test_acc": 92.17134416543574, "std_test_acc": 0.0}