{"seed": 0, "test_acc": [88.66322008862629], "val_acc": [89.51255539143278], "train_loss": [87.1122599704579], "mean_test_acc": 88.66322008862629, "std_test_acc": 0.0}