{"seed": 0, "test_acc": [87.96159527326441], "val_acc": [89.03249630723782], "train_loss": [86.66912850812407], "mean_test_acc": 87.96159527326441, "std_test_acc": 0.0}