{"seed": 0, "test_acc": [90.50960118168389], "val_acc": [91.21122599704579], "train_loss": [89.6602658788774], "mean_test_acc": 90.50960118168389, "std_test_acc": 0.0}