{"seed": 0, "test_acc": [88.47858197932054], "val_acc": [89.77104874446086], "train_loss": [87.66617429837518], "mean_test_acc": 88.47858197932054, "std_test_acc": 0.0}