{"seed": 0, "test_acc": [91.1373707533235], "val_acc": [91.98670605612999], "train_loss": [90.10339734121122], "mean_test_acc": 91.1373707533235, "std_test_acc": 0.0}