{"seed": 0, "test_acc": [91.80206794682422], "val_acc": [92.72525849335302], "train_loss": [90.69423929098967], "mean_test_acc": 91.80206794682422, "std_test_acc": 0.0}