{"seed": 0, "test_acc": [88.88478581979321], "val_acc": [89.84490398818316], "train_loss": [87.44460856720828], "mean_test_acc": 88.88478581979321, "std_test_acc": 0.0}