{"seed": 0, "test_acc": [88.36779911373708], "val_acc": [89.40177252584934], "train_loss": [86.52141802067946], "mean_test_acc": 88.36779911373708, "std_test_acc": 0.0}