{"seed": 0, "test_acc": [90.21418020679468], "val_acc": [90.6573116691285], "train_loss": [89.25406203840473], "mean_test_acc": 90.21418020679468, "std_test_acc": 0.0}