{"seed": 0, "test_acc": [90.28803545051699], "val_acc": [90.6573116691285], "train_loss": [89.29098966026588], "mean_test_acc": 90.28803545051699, "std_test_acc": 0.0}