{"seed": 0, "test_acc": [91.21122599704579], "val_acc": [91.69128508124076], "train_loss": [90.54652880354506], "mean_test_acc": 91.21122599704579, "std_test_acc": 0.0}