{"seed": 0, "test_acc": [91.46971935007386], "val_acc": [92.17134416543574], "train_loss": [90.4357459379616], "mean_test_acc": 91.46971935007386, "std_test_acc": 0.0}