{"seed": 0, "test_acc": [90.17725258493353], "val_acc": [90.54652880354506], "train_loss": [88.95864106351551], "mean_test_acc": 90.17725258493353, "std_test_acc": 0.0}