{"seed": 0, "test_acc": [90.98966026587888], "val_acc": [91.76514032496307], "train_loss": [89.62333825701624], "mean_test_acc": 90.98966026587888, "std_test_acc": 0.0}