{"seed": 0, "test_acc": [91.02658788774004], "val_acc": [91.65435745937963], "train_loss": [89.51255539143278], "mean_test_acc": 91.02658788774004, "std_test_acc": 0.0}