{"seed": 0, "test_acc": [92.76218611521418], "val_acc": [93.50073855243723], "train_loss": [91.87592319054653], "mean_test_acc": 92.76218611521418, "std_test_acc": 0.0}