{"seed": 0, "test_acc": [91.10044313146234], "val_acc": [92.0605612998523], "train_loss": [90.21418020679468], "mean_test_acc": 91.10044313146234, "std_test_acc": 0.0}