{"seed": 0, "test_acc": [88.18316100443131], "val_acc": [89.43870014771049], "train_loss": [86.29985228951256], "mean_test_acc": 88.18316100443131, "std_test_acc": 0.0}