{"seed": 0, "test_acc": [92.61447562776958], "val_acc": [93.50073855243723], "train_loss": [91.39586410635155], "mean_test_acc": 92.61447562776958, "std_test_acc": 0.0}