{"seed": 0, "test_acc": [88.29394387001477], "val_acc": [89.40177252584934], "train_loss": [87.25997045790251], "mean_test_acc": 88.29394387001477, "std_test_acc": 0.0}