{"seed": 0, "test_acc": [89.14327917282127], "val_acc": [90.02954209748893], "train_loss": [87.66617429837518], "mean_test_acc": 89.14327917282127, "std_test_acc": 0.0}