{"seed": 0, "test_acc": [91.94977843426884], "val_acc": [92.54062038404727], "train_loss": [91.10044313146234], "mean_test_acc": 91.94977843426884, "std_test_acc": 0.0}