{"seed": 0, "test_acc": [90.62038404726735], "val_acc": [90.69423929098967], "train_loss": [88.84785819793206], "mean_test_acc": 90.62038404726735, "std_test_acc": 0.0}