{"seed": 0, "test_acc": [89.14327917282127], "val_acc": [90.32496307237814], "train_loss": [87.44460856720828], "mean_test_acc": 89.14327917282127, "std_test_acc": 0.0}