{"seed": 0, "test_acc": [88.99556868537665], "val_acc": [90.21418020679468], "train_loss": [87.55539143279172], "mean_test_acc": 88.99556868537665, "std_test_acc": 0.0}