{"seed": 0, "test_acc": [92.0605612998523], "val_acc": [92.90989660265879], "train_loss": [91.2850812407681], "mean_test_acc": 92.0605612998523, "std_test_acc": 0.0}