{"seed": 0, "test_acc": [88.95864106351551], "val_acc": [89.7341211225997], "train_loss": [87.51846381093058], "mean_test_acc": 88.95864106351551, "std_test_acc": 0.0}