{"seed": 0, "test_acc": [89.95568685376661], "val_acc": [91.06351550960117], "train_loss": [89.06942392909897], "mean_test_acc": 89.95568685376661, "std_test_acc": 0.0}