{"seed": 0, "test_acc": [90.87887740029542], "val_acc": [91.87592319054653], "train_loss": [89.7341211225997], "mean_test_acc": 90.87887740029542, "std_test_acc": 0.0}