{"seed": 0, "test_acc": [88.07237813884787], "val_acc": [89.80797636632201], "train_loss": [87.22304283604136], "mean_test_acc": 88.07237813884787, "std_test_acc": 0.0}