{"seed": 0, "test_acc": [89.32791728212703], "val_acc": [90.06646971935007], "train_loss": [87.66617429837518], "mean_test_acc": 89.32791728212703, "std_test_acc": 0.0}