{"seed": 0, "test_acc": [88.14623338257016], "val_acc": [89.54948301329394], "train_loss": [86.92762186115213], "mean_test_acc": 88.14623338257016, "std_test_acc": 0.0}