{"seed": 0, "test_acc": [88.66322008862629], "val_acc": [89.84490398818316], "train_loss": [87.70310192023634], "mean_test_acc": 88.66322008862629, "std_test_acc": 0.0}