{"seed": 0, "test_acc": [87.59231905465288], "val_acc": [88.29394387001477], "train_loss": [86.22599704579025], "mean_test_acc": 87.59231905465288, "std_test_acc": 0.0}