{"seed": 0, "test_acc": [87.99852289512555], "val_acc": [88.77400295420975], "train_loss": [86.59527326440177], "mean_test_acc": 87.99852289512555, "std_test_acc": 0.0}