{"seed": 0, "test_acc": [88.07237813884787], "val_acc": [88.70014771048744], "train_loss": [87.1861152141802], "mean_test_acc": 88.07237813884787, "std_test_acc": 0.0}