{"seed": 0, "test_acc": [90.6573116691285], "val_acc": [91.1373707533235], "train_loss": [89.32791728212703], "mean_test_acc": 90.6573116691285, "std_test_acc": 0.0}