{"seed": 0, "test_acc": [88.0354505169867], "val_acc": [89.03249630723782], "train_loss": [86.41063515509602], "mean_test_acc": 88.0354505169867, "std_test_acc": 0.0}