{"seed": 0, "test_acc": [93.16838995568686], "val_acc": [93.72230428360415], "train_loss": [92.2821270310192], "mean_test_acc": 93.16838995568686, "std_test_acc": 0.0}