{"seed": 0, "test_acc": [86.66912850812407], "val_acc": [87.66617429837518], "train_loss": [85.67208271787297], "mean_test_acc": 86.66912850812407, "std_test_acc": 0.0}