{"seed": 0, "test_acc": [88.18316100443131], "val_acc": [89.14327917282127], "train_loss": [86.48449039881831], "mean_test_acc": 88.18316100443131, "std_test_acc": 0.0}