{"seed": 0, "test_acc": [90.47267355982275], "val_acc": [91.17429837518463], "train_loss": [89.91875923190547], "mean_test_acc": 90.47267355982275, "std_test_acc": 0.0}