{"seed": 0, "test_acc": [88.55243722304283], "val_acc": [89.91875923190547], "train_loss": [86.85376661742984], "mean_test_acc": 88.55243722304283, "std_test_acc": 0.0}