{"seed": 0, "test_acc": [91.32200886262925], "val_acc": [92.0605612998523], "train_loss": [89.88183161004432], "mean_test_acc": 91.32200886262925, "std_test_acc": 0.0}