{"seed": 0, "test_acc": [88.88478581979321], "val_acc": [89.21713441654357], "train_loss": [87.55539143279172], "mean_test_acc": 88.88478581979321, "std_test_acc": 0.0}