{"seed": 0, "test_acc": [91.61742983751846], "val_acc": [92.24519940915805], "train_loss": [90.73116691285081], "mean_test_acc": 91.61742983751846, "std_test_acc": 0.0}