{"seed": 0, "test_acc": [92.13441654357459], "val_acc": [93.0576070901034], "train_loss": [91.39586410635155], "mean_test_acc": 92.13441654357459, "std_test_acc": 0.0}