{"seed": 0, "test_acc": [91.54357459379617], "val_acc": [91.98670605612999], "train_loss": [90.10339734121122], "mean_test_acc": 91.54357459379617, "std_test_acc": 0.0}