{"seed": 0, "test_acc": [90.32496307237814], "val_acc": [91.61742983751846], "train_loss": [89.25406203840473], "mean_test_acc": 90.32496307237814, "std_test_acc": 0.0}