{"seed": 0, "test_acc": [90.4357459379616], "val_acc": [91.06351550960117], "train_loss": [89.06942392909897], "mean_test_acc": 90.4357459379616, "std_test_acc": 0.0}