{"seed": 0, "test_acc": [91.1373707533235], "val_acc": [92.24519940915805], "train_loss": [90.73116691285081], "mean_test_acc": 91.1373707533235, "std_test_acc": 0.0}