{"seed": 0, "test_acc": [89.32791728212703], "val_acc": [89.7341211225997], "train_loss": [87.29689807976366], "mean_test_acc": 89.32791728212703, "std_test_acc": 0.0}