{"seed": 0, "test_acc": [88.88478581979321], "val_acc": [89.43870014771049], "train_loss": [87.07533234859675], "mean_test_acc": 88.88478581979321, "std_test_acc": 0.0}