{"seed": 0, "test_acc": [88.70014771048744], "val_acc": [89.84490398818316], "train_loss": [86.70605612998523], "mean_test_acc": 88.70014771048744, "std_test_acc": 0.0}