{"seed": 0, "test_acc": [89.95568685376661], "val_acc": [91.17429837518463], "train_loss": [89.32791728212703], "mean_test_acc": 89.95568685376661, "std_test_acc": 0.0}