{"seed": 0, "test_acc": [90.95273264401771], "val_acc": [91.50664697193501], "train_loss": [89.7341211225997], "mean_test_acc": 90.95273264401771, "std_test_acc": 0.0}