{"seed": 0, "test_acc": [91.02658788774004], "val_acc": [92.02363367799113], "train_loss": [90.02954209748893], "mean_test_acc": 91.02658788774004, "std_test_acc": 0.0}