{"seed": 0, "test_acc": [90.4357459379616], "val_acc": [90.91580502215658], "train_loss": [89.32791728212703], "mean_test_acc": 90.4357459379616, "std_test_acc": 0.0}