{"seed": 0, "test_acc": [88.0354505169867], "val_acc": [89.29098966026588], "train_loss": [86.85376661742984], "mean_test_acc": 88.0354505169867, "std_test_acc": 0.0}