{"seed": 0, "test_acc": [88.88478581979321], "val_acc": [89.80797636632201], "train_loss": [87.40768094534712], "mean_test_acc": 88.88478581979321, "std_test_acc": 0.0}