{"seed": 0, "test_acc": [90.54652880354506], "val_acc": [91.06351550960117], "train_loss": [89.51255539143278], "mean_test_acc": 90.54652880354506, "std_test_acc": 0.0}