{"seed": 0, "test_acc": [92.46676514032495], "val_acc": [93.205317577548], "train_loss": [91.46971935007386], "mean_test_acc": 92.46676514032495, "std_test_acc": 0.0}