{"seed": 0, "test_acc": [90.6573116691285], "val_acc": [91.61742983751846], "train_loss": [90.14032496307239], "mean_test_acc": 90.6573116691285, "std_test_acc": 0.0}