{"seed": 0, "test_acc": [91.80206794682422], "val_acc": [93.02067946824224], "train_loss": [91.21122599704579], "mean_test_acc": 91.80206794682422, "std_test_acc": 0.0}