{"seed": 0, "test_acc": [89.03249630723782], "val_acc": [90.10339734121122], "train_loss": [86.92762186115213], "mean_test_acc": 89.03249630723782, "std_test_acc": 0.0}