{"seed": 0, "test_acc": [92.39290989660266], "val_acc": [92.9837518463811], "train_loss": [91.3589364844904], "mean_test_acc": 92.39290989660266, "std_test_acc": 0.0}