{"seed": 0, "test_acc": [87.03840472673559], "val_acc": [88.22008862629247], "train_loss": [85.89364844903989], "mean_test_acc": 87.03840472673559, "std_test_acc": 0.0}