{"seed": 0, "test_acc": [89.06942392909897], "val_acc": [89.80797636632201], "train_loss": [87.77695716395864], "mean_test_acc": 89.06942392909897, "std_test_acc": 0.0}