{"seed": 0, "test_acc": [90.25110782865583], "val_acc": [90.84194977843427], "train_loss": [89.18020679468242], "mean_test_acc": 90.25110782865583, "std_test_acc": 0.0}