{"seed": 0, "test_acc": [90.58345642540621], "val_acc": [91.54357459379617], "train_loss": [89.54948301329394], "mean_test_acc": 90.58345642540621, "std_test_acc": 0.0}