{"seed": 0, "test_acc": [89.14327917282127], "val_acc": [89.84490398818316], "train_loss": [87.92466765140325], "mean_test_acc": 89.14327917282127, "std_test_acc": 0.0}