{"seed": 0, "test_acc": [88.0354505169867], "val_acc": [88.88478581979321], "train_loss": [86.48449039881831], "mean_test_acc": 88.0354505169867, "std_test_acc": 0.0}