{"seed": 0, "test_acc": [87.92466765140325], "val_acc": [89.14327917282127], "train_loss": [86.81683899556869], "mean_test_acc": 87.92466765140325, "std_test_acc": 0.0}