{"seed": 0, "test_acc": [91.2850812407681], "val_acc": [92.0605612998523], "train_loss": [89.95568685376661], "mean_test_acc": 91.2850812407681, "std_test_acc": 0.0}