{"seed": 0, "test_acc": [92.50369276218612], "val_acc": [93.0576070901034], "train_loss": [91.54357459379617], "mean_test_acc": 92.50369276218612, "std_test_acc": 0.0}