{"seed": 0, "test_acc": [92.02363367799113], "val_acc": [93.02067946824224], "train_loss": [91.02658788774004], "mean_test_acc": 92.02363367799113, "std_test_acc": 0.0}