{"seed": 0, "test_acc": [87.96159527326441], "val_acc": [89.10635155096011], "train_loss": [86.52141802067946], "mean_test_acc": 87.96159527326441, "std_test_acc": 0.0}