{"seed": 0, "test_acc": [91.02658788774004], "val_acc": [91.5805022156573], "train_loss": [90.36189069423929], "mean_test_acc": 91.02658788774004, "std_test_acc": 0.0}