{"seed": 0, "test_acc": [90.69423929098967], "val_acc": [91.5805022156573], "train_loss": [89.18020679468242], "mean_test_acc": 90.69423929098967, "std_test_acc": 0.0}