{"seed": 0, "test_acc": [92.17134416543574], "val_acc": [92.94682422451994], "train_loss": [91.02658788774004], "mean_test_acc": 92.17134416543574, "std_test_acc": 0.0}