{"seed": 0, "test_acc": [88.70014771048744], "val_acc": [90.06646971935007], "train_loss": [87.8138847858198], "mean_test_acc": 88.70014771048744, "std_test_acc": 0.0}