{"seed": 0, "test_acc": [88.33087149187593], "val_acc": [89.25406203840473], "train_loss": [86.66912850812407], "mean_test_acc": 88.33087149187593, "std_test_acc": 0.0}